iso3,pays,CP1,CP2,CP3,CP4
AFG,Afghanistan,-2.556088731115747,-0.5411716031187607,0.9882163794838373,0.27786274768562275
ZAF,South Africa,0.3153311906533472,2.1949104718825954,1.3330418010573348,-0.596637683359164
ALB,Albania,0.23609526619436963,-1.1622649663568208,-0.8789800414798838,-1.035369590443698
DZA,Algeria,-1.9954696985683662,0.2637235483240777,-0.11706296652634253,-0.4272594483045382
DEU,Germany,2.3991520470528847,3.6646699140541736,1.5644312542476642,1.6698544724053923
AGO,Angola,-2.147774788431726,-0.6163757005908913,3.890376619908697,-0.18180606187944875
ATG,Antigua and Barbuda,3.671267799708424,-2.5730722640258,0.3344559302442868,-2.3775510789576506
SAU,Saudi Arabia,1.9156964528301237,2.509485538187675,2.1422874650940478,-0.2570727382262551
ARG,Argentina,-0.24275352625447585,2.0066487479237995,-0.9484390638344709,-1.6345056855939284
ARM,Armenia,-0.21019556261832748,-1.225973940954277,-0.82205625369721,0.38248863927878235
AUS,Australia,1.8908215871344631,2.566256778195705,-0.6664378468289637,-0.2269855878203333
AUT,Austria,2.030963960490985,0.5819406600650432,0.17474597044020423,1.6389452893144292
AZE,Azerbaijan,-0.9705493973471089,-0.38249612390889076,0.7078570829899754,-0.0653974383153476
BHS,"Bahamas, The",3.4285288903764686,-1.7008828539480823,-0.00040371817170028427,-1.3831665505570165
BGD,Bangladesh,-2.756570710789762,0.4267001379454164,-1.1447072370793736,-0.8242480951156397
BRB,Barbados,1.5714609376010096,-0.85987757642951,-1.0358246774836575,-1.4850529316859753
BEL,Belgium,2.3377954442566744,0.4994262225130863,1.2076422081734117,0.9289513263889384
BLZ,Belize,0.2415470511273621,-0.9870506006373533,-0.7393364781982521,-1.5997509875632079
BOL,Bolivia,-0.43960313098950127,0.3345053441479349,-1.182169988270946,-1.3782201680950137
BIH,Bosnia and Herzegovina,-0.02196774621859395,-0.4768859014680748,-1.191421772339134,0.2040932196698443
BWA,Botswana,-0.10901608633730409,-1.0996365173965674,-0.870883057573715,0.7868124106549707
BRA,Brazil,0.07897565565794971,5.145488064671015,-0.5314752531070932,-2.9460880532085945
BGR,Bulgaria,1.1012595835044785,-0.38404217650826716,-0.17683016638236873,0.47813617419330273
BFA,Burkina Faso,-2.270632188321471,-0.35542903242433216,-0.7946472608712153,0.32506462372235706
BLR,Belarus,-0.11824028641653282,0.19089877548134562,-0.5665038589290977,-0.1854435614748058
BEN,Benin,-0.10504776539670133,-1.040415969488077,0.5697295631764445,1.8477002434883003
CPV,Cabo Verde,1.0240404963868404,-2.021565504787685,-0.31113967764760997,0.3166911373140472
KHM,Cambodia,-2.004115300121978,-0.5633747952147855,-1.586249194289111,-0.6019692907288297
CMR,Cameroon,-2.2772606777120905,-0.22038043405740002,-0.483834440332086,0.03737879475299603
CAN,Canada,1.9479258835092284,2.7083643287517236,-0.41391125675534374,0.12253855120097251
CHL,Chile,0.3526687281771731,1.1106902893782298,-0.30184024984467633,-1.2457816481142698
HKG,"Hong Kong SAR, China",5.753409785773521,0.954416562429922,3.4414897744458095,-0.7497732766585697
MAC,"Macao SAR, China",3.3571315704028124,-0.8023044710844643,-0.857346441579007,0.764373948491948
TWN,"Chine, Taiwan Province de",0.5786544594384772,0.8647915476847107,-0.7510621942731533,-0.5473522977445963
CHN,China,-0.4901006784847014,7.057256519276361,-0.7575747084876048,-2.048724053383624
CYP,Cyprus,1.4373330958275767,-0.6729316841106161,-1.0054177821698291,0.8766015760034712
COL,Colombia,-1.2273046035101582,1.453575582506954,-0.04652192624586687,-1.347375335804655
COG,"Congo, Rep.",0.09874071270175283,-1.2827348393984939,1.821787144946827,-1.1031362160329643
CRI,Costa Rica,-0.07732778401432253,-0.09247194624610684,-1.203130570759474,-0.4413917448370763
HRV,Croatia,0.6856240788635702,-0.5008520371440335,-0.8967286844176328,1.0799306373787094
CUB,Cuba,1.4084250620988208,-0.19060800486422022,0.5660137228604779,-0.6360526693158733
CIV,Cote d'Ivoire,-2.1657522833739926,-0.2990811984022142,-0.7704664541853696,0.9190399558869691
DNK,Denmark,2.732090060727234,0.5052190377133531,0.39139967474140364,1.4497838896939246
DJI,Djibouti,-0.5751065642113143,-1.8426755318948262,-0.29651071698588166,0.5777084093942347
DMA,Dominica,3.4571253614976407,-2.6902891273010923,0.7658805672145349,-2.722821206281257
SLV,El Salvador,-0.1524105308641655,-0.20098205269832972,-1.0065662238616673,-0.5188795700911653
ESP,Spain,1.2212655580251128,2.4233623431441558,0.11043239206131951,1.1303238654865229
EST,Estonia,1.5073746165598438,-1.0510977068783705,-1.0388566438850089,0.01677955902485156
SWZ,Eswatini,-0.8222611511594554,-1.1418527079593432,-0.4810930741118092,0.3303097879913755
FJI,Fiji,0.392954316024148,-0.8525287620969867,-1.288448870392515,0.045870157139022476
FIN,Finland,1.5491629514970864,0.64529056053606,-0.8884645029823977,1.7876000662164784
FRA,France,1.625064048687221,3.138646176199146,0.6285742898907678,0.5516685759406299
RUS,Russian Federation,-0.33226036795700825,3.202928581960049,0.23253186488208447,-0.5996181375979123
GAB,Gabon,0.6557209216481532,-1.6221898332941687,1.5628315544787186,-0.6708744800475902
GMB,"Gambia, The",-0.8200122185905205,-1.724067930546558,0.5854119749676572,0.5892415868222972
GHA,Ghana,-0.8868533633336483,-0.5620186667924214,1.206399903027889,2.6840666953458503
GRD,Grenada,3.2569605756621804,-2.4449635650381056,-0.39196277155798687,-1.7420481625449615
GRC,Greece,0.6704251594642461,0.36298844493259264,-0.20421101738828407,1.147839438058598
GTM,Guatemala,-0.5583665744998755,0.08879052063336967,0.1295918270629296,-0.6473122226135031
GIN,Guinea,-2.2072129148109623,-1.1226968307522582,-0.028309458960750218,0.8375354531257949
GNB,Guinea-Bissau,-1.2227377970855353,-1.4267471350045389,-0.20291208075877062,0.595458731030972
GUY,Guyana,-0.1541916812699156,-0.6924504693261071,-1.5874482178441756,-1.5282636658489153
GEO,Georgia,0.26386184466821555,-1.0668985108957276,-0.22685259400192676,0.42145924581746813
HTI,Haiti,-1.1623622164053422,-1.0947483031014738,0.9412424003720199,-0.4653223377298858
HND,Honduras,-1.2892367487699052,-0.15634133719661242,-0.9099758849873462,-1.1015459853419651
HUN,Hungary,0.16533990181629535,0.41858040924015644,-1.0343625294567238,-0.0471546252073942
IND,India,-2.2063387826479133,2.11651546858246,-0.6949962582597731,0.8233360918664955
IDN,Indonesia,-2.4334108230120663,1.5577657163568812,-0.5767888784893479,-0.013040597073561392
IRN,"Iran, Islamic Rep.",-2.3605081959367804,1.5202568787927804,0.20805585343851216,-0.6862352058594747
IRQ,Iraq,-0.9460416752954761,0.49017536213046065,2.4172390808948356,-0.5790669072229323
IRL,Ireland,2.965745098806396,0.516854267016753,-0.5148108449667314,2.578864197745666
ISL,Iceland,2.029734562003738,-0.398922046697032,-0.7541613875161345,1.7743737664769175
ISR,Israel,1.583545560498678,1.7717989956844948,-0.3037727390915941,0.3960829372004568
ITA,Italy,0.8516988867672748,2.2871604170305244,-0.05553670076899922,1.4491870613334028
JAM,Jamaica,0.4325236435606918,-0.3724726508850094,-0.5173497816143814,-1.4490868300384054
JPN,Japan,1.9515222652442357,4.369951148511927,1.7666605301590546,1.2324945203942514
JOR,Jordan,-0.1818062393845614,-0.15120962509148606,0.5917393864523038,-0.06986401474456355
KAZ,Kazakhstan,-0.5438378103690249,0.13362202218871,0.5363455207994099,0.2121579385258263
KEN,Kenya,-2.555912598381617,-0.16623626803103092,0.3421638095533014,0.9368537099724398
KGZ,Kyrgyz Republic,-0.8378592839232224,-1.2301796876154902,-0.17804014986964506,0.4499766720533999
KIR,Kiribati,1.2193337853003612,-1.9049249835690574,-0.8763799402306681,0.4710633465017697
KWT,Kuwait,2.4512330502123714,-0.12685352840361247,2.3384454478364347,-1.0168238024759202
LSO,Lesotho,0.047186540835269894,-1.5677127009462872,0.7083928627746825,-0.33920377253701695
LVA,Latvia,1.6517141285607617,-1.0761015557257538,-0.46844423026017945,0.2898952852955193
LBN,Lebanon,-2.3800244076949713,-0.5536126150088485,0.6945424094985582,-0.342322822172331
LBR,Liberia,-1.0668704475309592,-1.4243911115714838,1.3320083871328625,0.11686010547176061
LTU,Lithuania,1.5320888117242633,-0.4502297386750194,-0.873843547205277,0.4055761408427399
LUX,Luxembourg,3.764502950046388,-0.5998664920896496,0.38095033945343965,2.0129261749988894
MKD,North Macedonia,0.6928435918979684,-1.482404261097133,0.27426818628040084,-0.20371566094024174
MDG,Madagascar,-2.758454308773009,-0.3624754050511753,-0.4815200637324892,-1.0887038105389417
MYS,Malaysia,0.1064814340051278,1.580746284453191,-0.7243250489346008,-0.4541413074807383
MWI,Malawi,-2.4847574846127465,-0.4889294474241724,0.2375841606803839,0.29785671461563445
MDV,Maldives,0.5974898887274945,-2.1144062838424564,0.28409218475666,0.44298781421918365
MLI,Mali,-2.5929337785642694,-0.35256822518914255,-0.26106205158088147,0.4919748777308437
MLT,Malta,2.1229232031061684,-1.345865418149334,-1.3532499763895884,2.326249495375441
MAR,Morocco,-0.843567296394026,0.6733367047646078,-0.8912999958571111,0.32444626894283024
MUS,Mauritius,0.6019436771642093,-0.5277346218204303,-1.1908541865077258,-0.008963237080787513
MRT,Mauritania,-0.7160177574760564,-1.4027490298670189,0.7143261612751417,2.418767629668231
MEX,Mexico,0.22739825285384915,3.9641745267280557,2.028134689174579,-1.4871682595670819
MNG,Mongolia,-0.5823008022476678,-1.684536579165497,-0.15574127304807905,0.9739822546796528
MNE,Montenegro,0.9083721591665279,-1.5206264981032573,-0.4374004686454772,0.408730906454896
MOZ,Mozambique,-2.5413312205468337,-0.47030780033761915,0.9032613445183627,-0.22531333647288113
MMR,Myanmar,-1.9440630019366487,0.8625243297660166,-0.8824680205249271,-1.0557675008326564
NAM,Namibia,0.5688700960246644,-1.6355348636470644,0.9416068811342755,0.20778511174458839
NIC,Nicaragua,-0.9323758898302591,-0.32401054590515177,-1.2367726433596895,-1.0279292108106934
NER,Niger,-2.37961555875618,-0.515700248034305,-0.00626037950086332,0.656245847759744
NGA,Nigeria,-3.5585260078337786,0.13584287293073313,2.3574092820849297,2.061623918184536
NOR,Norway,1.6318232255170995,1.1209162085994957,-0.5497442930345866,2.209415720153379
NCL,New Caledonia,1.9220191399391702,-1.7258935126258454,0.30985568591827295,-0.2527929178455404
NZL,New Zealand,1.6616388176072328,0.9044963614959995,-1.379154984416679,0.14333205306548585
NPL,Nepal,-1.9762692676018214,-0.16490989853401475,-1.5927220253189054,0.7032436995459097
OMN,Oman,1.6458768614425425,-0.936713291996977,1.7546141388128016,0.10501472665673565
UGA,Uganda,-2.650361617474288,-0.2737285622259302,0.06857474890465623,0.2591077267104624
UZB,Uzbekistan,-2.80990447082058,-0.35825456225813246,0.2052426011925053,0.5249159253830419
PAK,Pakistan,-2.9405190196412416,0.9454353767521843,-0.019888783044239078,-0.11542409308637089
PAN,Panama,0.7578712624701067,0.14872639672304747,-1.2798830146441889,-0.17671536009995134
PRY,Paraguay,-1.7669438918538263,-0.47934485423137013,-1.1888684842708033,-0.3877261173675046
NLD,Netherlands,3.306475389597663,1.5756934299570136,1.8396877476369453,1.7414872041392977
PHL,Philippines,-1.5193362787533466,1.4145581773966325,-0.10099145083169678,0.1964498915484683
POL,Poland,0.5439391003737997,1.8380049222144093,-0.8810620967039294,0.7920911555582368
PYF,French Polynesia,2.3933697970410615,-2.027841367371213,0.29152207866629576,-1.1070687649961706
PRT,Portugal,1.535538601496702,0.7822191975414517,-0.6108575160167782,1.1009885803115211
PER,Peru,-0.5729679073390738,0.8333384263528404,-0.31641008451748787,0.494010323935992
ROU,Romania,0.34319497032497703,0.6447485660560741,-0.8192306109187665,1.6149969927228875
GBR,United Kingdom,2.331211396685639,3.7406580693438682,1.637659465923322,1.2771777665231816
RWA,Rwanda,-2.123912486138466,-0.6012723140236271,-0.2331196628651858,0.38710200866461364
CAF,Central African Republic,-2.1493039239387053,-0.9370120757406987,-0.2976310816130372,-0.023109864463550876
KOR,"Korea, Rep.",0.022347335177452465,1.9393397863332915,-0.5686415316931628,0.3194233704384885
MDA,Moldova,-0.6161602537532049,-0.6627019277806544,-0.6181992251312418,0.1756544662678208
DOM,Dominican Republic,-0.12776614932851257,0.3542575259822167,-0.749112299911089,-0.7143737413607915
LAO,Lao PDR,-1.66860089623047,-0.5094613692255964,-1.6076937598338827,-0.08779972723130633
PRK,"Korea, Dem. People's Rep.",-1.494840174095875,-0.015726759383172615,-1.5684603038495495,-1.092570373303303
TZA,Tanzania,-2.6750396321822083,-0.16082252872390057,-0.36037710966422193,0.7572221656499974
KNA,St. Kitts and Nevis,4.253711675076206,-2.7039572517518784,0.8460594158079094,-1.5801424773620845
VCT,St. Vincent and the Grenadines,4.3902410881766025,-2.6181340749583075,0.8089690147313128,-2.0135340733148466
LCA,St. Lucia,3.3803350062350854,-2.157677822073594,-0.33136835686893873,-2.044365708834173
WSM,Samoa,4.277364873308939,-2.6322418102007115,0.8756917328391499,-1.9874927537846387
STP,Sao Tome and Principe,0.06564044829761888,-2.042868733356178,-0.16536686946683546,0.11599260797963193
SRB,Serbia,-0.7451985840630845,-0.27927061198842373,-0.8335984104321513,0.2328101329207934
SLE,Sierra Leone,-1.6133782563443988,-1.1014143818593243,1.3955851000087007,1.3415725404543826
SVK,Slovak Republic,1.238803453589639,-0.46522250500417767,-0.5548569268769794,0.5984169060323133
SVN,Slovenia,1.3796467099878096,-0.4042719530645892,-1.083181902516598,0.8734398181638954
SDN,Sudan,-6.366632202578653,-1.4369108041944976,8.351607764052211,-0.004122701754509254
LKA,Sri Lanka,-1.7713865736393992,-0.027624347166687966,-0.8058652039182841,0.6169876885335935
CHE,Switzerland,2.4731311632600828,1.1945501993228063,-0.07672271578997523,2.3924195362452383
SUR,Suriname,0.24121749350483662,-2.0028726824980496,1.5587484125211188,-1.540346847483014
SWE,Sweden,1.5337488360877607,0.8558391368174613,0.02330482792110855,1.6965415217006252
SEN,Senegal,-1.8191714841492397,-0.37307537249428957,-1.0928765529001,0.7155198362598184
TJK,Tajikistan,-0.7501189569511051,-1.1872783371448643,-0.4722038994736319,-0.04402006912399615
TCD,Chad,-2.1379144277117055,-0.5128356700347876,-0.16122697679194262,-1.370257442358103
CZE,Czechia,0.9518467462706577,0.3594176447785672,-0.7618636721481988,0.3123305152317777
THA,Thailand,-1.310241061644393,1.2908662759422944,-0.9674992502335685,-0.20776150896203693
TLS,Timor-Leste,0.6650764520334956,-1.7393454540430018,0.6139271633261528,0.04282964396121541
TGO,Togo,-1.5107340501988704,-0.7360548037731381,-0.49925934334657873,0.1331693248727842
TTO,Trinidad and Tobago,1.6901255175390524,-0.39779735152349943,0.26045310295693985,-2.032015325004748
TUN,Tunisia,-0.9548856443731194,-0.03367121878416136,-0.2050680811505408,0.37242035477064667
TKM,Turkmenistan,-0.7056131443794397,-0.6951251117951931,-0.88235854339814,0.9185710665856002
TUR,Turkiye,-2.0108877651028907,1.828344138201938,0.007922862387074736,0.03375312987568537
UKR,Ukraine,-1.821474522588973,0.8433095052014428,0.7695966422500925,-0.6604924475226472
URY,Uruguay,-0.09740674633627736,-0.4226299051288722,-0.900178684768532,0.17177496484813964
VUT,Vanuatu,0.49318212838383063,-2.1302948511894577,-0.19545094204784805,0.34474647007473347
VEN,"Venezuela, RB",-1.1713388329810235,0.48651703781638256,1.924989038951613,-2.137108157276219
VNM,Viet Nam,-1.5313629877265837,1.1085514724549341,-0.5159818275921418,-0.21663114724379112
YEM,"Yemen, Rep.",-2.259051735323472,-0.24459463722534097,1.5753709364835857,-1.0497164001071526
ZMB,Zambia,-1.4874939133525964,-0.538123829944288,0.08494183674596385,0.6458691735356141
ZWE,Zimbabwe,-1.0781933909683903,-0.20969219551705445,-0.9026307523147137,0.5322868728147495
EGY,"Egypt, Arab Rep.",-3.190637689751156,0.7779292715543844,2.0366725696095314,-0.5441234463744727
ARE,United Arab Emirates,3.365735344562749,0.7908424732208339,2.6904388828158643,-0.3200374729472381
ECU,Ecuador,-0.44354749014817524,0.4373257869458438,-1.6351729015776582,-0.5890581228457379
USA,United States,2.1432955021467612,8.365411032985248,-0.3141100437589989,-2.0806626016189296
ETH,Ethiopia,-3.5593660748177376,0.05149386392422395,-1.8277267905005148,-3.400769695155579
SLB,Solomon Islands,0.337542971724168,-1.991410800509458,-0.28496031268769934,-0.27795565790868876
