iso3,pays,viande_de_volailles__disponibilité_alimentaire_en_quantité,viande_de_volailles__importations_quantité,viande_de_volailles__production,population_2017_milliers,pib_par_hab_usd,stabilite_politique,croissance_pib,inflation,fe_taux_dependance_import,fe_intensite_proteique,fe_potentiel_marche_musd,fe_import_par_hab,fe_croissance_pop_10ans
AFG,Afghanistan,1.53,29.0,28.0,36296.113,525.469770891619,-2.61393089999999,2.6470032027451,4.97595150553832,50.87719298245614,10.8,0.029180940579020462,0.7989836267040497,33.93134733571321
ZAF,South Africa,35.69,514.0,1667.0,57009.756,6618.33508255701,-0.3828321,1.15794695181735,5.18618655524149,24.268177525967893,9.867132867132867,13.466182057444666,9.016000699950373,16.062776285201252
ALB,Albania,16.36,38.0,13.0,2884.169,5006.36012951959,0.1638298,3.28317593330073,1.98666133171194,74.50980392156863,7.364705882352942,0.23622512694216488,13.175372178260012,-4.93833549000362
DZA,Algeria,6.38,2.0,275.0,41389.189,4554.66753957828,-0.929504599999999,1.49999999895587,5.59111590961663,0.7220216606498195,8.954545454545453,1.2027192921051753,0.048321797269330405,21.1380071959552
DEU,Germany,19.47,842.0,1514.0,82658.409,45553.9341495339,0.7022243,2.797906720551,1.50949485109628,49.239766081871345,11.211267605633802,73.31264407796445,10.186501412094685,1.698592346769101
AGO,Angola,10.56,277.0,42.0,29816.766,2790.71886869768,-0.537214499999999,-0.149396225571834,29.8444799015679,86.83385579937304,10.285714285714285,0.878699833226091,9.290075254975674,42.62735356472882
ATG,Antigua and Barbuda,54.1,7.0,0.0,95.426,16965.7288273816,0.614623,2.71272657973627,2.43248789041362,100.0,7.626609442060086,0.08758636567432088,73.35527005218704,13.567229190964714
SAU,Saudi Arabia,43.36,722.0,616.0,33101.179,23929.2907135982,-0.667506399999999,1.18210705878283,-0.834845735027162,54.36746987951807,10.311258278145695,34.344924200607004,21.811911895947876,31.434221480693125
ARG,Argentina,42.24,8.0,2161.0,43937.14,14532.5009308511,0.2394066,2.81850297775918,2.40636194047246,0.4077471967380224,7.434065934065933,26.970938140563018,0.18207830550645765,10.716695357697548
ARM,Armenia,16.06,35.0,11.0,2944.791,3869.05373867752,-0.3015882,7.50000000164144,0.969553268816137,76.08695652173913,10.074074074074074,0.18298048732847302,11.885393564432926,0.4150898616867238
AUS,Australia,47.65,16.0,1269.0,24584.62,54117.547718609,0.7831479,2.29331030192918,1.94864309065653,1.2872083668543846,8.645833333333334,63.39638783660786,0.6508133947158834,17.53784504596021
AUT,Austria,18.2,110.0,148.0,8819.901,47163.7425775142,0.9266955,2.27224992038207,2.08126911385586,61.111111111111114,11.523076923076923,7.570827633881513,12.471795318337474,6.08828496739795
AZE,Azerbaijan,13.11,27.0,104.0,9845.32,4147.1981423222,-0.455635299999999,0.153614661745507,12.9359184187334,20.610687022900763,10.113636363636363,0.5352877607989812,2.7424197486724657,12.850134962999071
BHS,"Bahamas, The",43.17,24.0,6.0,381.755,31875.4881749619,0.8186672,3.3713988456489,1.51820700736147,80.0,8.027472527472527,0.5253196270820005,62.86754593914946,13.149806306666779
BGD,Bangladesh,1.5,0.0,249.0,159685.424,1811.08221668646,-1.3289506,6.59024999794057,5.70207015717238,0.0,6.714285714285714,0.4338051475056559,0.0,11.933971069864558
BRB,Barbados,46.78,2.0,15.0,286.232,20284.5762052461,0.8399905,0.708386729317951,4.66018463955995,11.764705882352942,7.703517587939698,0.2716091155102565,6.98733894183739,2.7025475421600387
BEL,Belgium,12.65,338.0,463.0,11419.748,44035.3239358548,0.3647602,1.47446761556785,2.12597086002616,100.0,10.386363636363637,6.36133462593975,29.59785102088067,6.750840284131754
BLZ,Belize,25.69,0.0,20.0,375.769,6071.85451846453,0.0274572,-1.83323729057784,1.14765339305816,0.0,7.509090909090908,0.05861468165710119,0.0,25.664743750522547
BOL,Bolivia,36.0,1.0,533.0,11192.855,4048.40119739839,-0.2207409,4.19520633360403,2.8227580554717,0.18761726078799248,7.374193548387097,1.6312740330350362,0.08934271014857247,17.099193707257008
BIH,Bosnia and Herzegovina,16.7,10.0,61.0,3351.525,5345.01978766473,-0.3110983,3.24409895306594,0.810133321953038,15.873015873015873,10.107142857142858,0.29916325631234564,2.983716367922065,-10.929694114945676
BWA,Botswana,3.39,3.0,5.0,2205.08,7104.96401088027,1.0166207,4.11437856445083,3.30828076768219,37.5,9.916666666666666,0.05311117759936923,1.3604948573294393,17.575484188137413
BRA,Brazil,48.03,3.0,14201.0,207833.823,10080.5078722821,-0.602133799999999,1.32286905390815,3.44637335032669,0.03005710850616171,7.686274509803921,100.6262355808096,0.014434609134818253,9.311175906743152
BGR,Bulgaria,22.06,108.0,107.0,7102.444,8696.68930427924,0.4061393,2.74592676054861,2.06159619443141,63.529411764705884,10.790123456790123,1.3625965378450724,15.206033303465679,-6.2590541071330446
BFA,Burkina Faso,2.27,0.0,46.0,19193.234,709.091535894695,-0.855665599999999,6.20348941121868,1.48299897161325,0.0,9.625,0.030894154691171054,0.0,34.670261852687425
BLR,Belarus,27.98,21.0,463.0,9450.231,5785.54491935194,0.0265511,2.53218349471909,6.03183725177785,6.325301204819277,9.905263157894737,1.5297991118460865,2.222167902562382,-0.31943412356817413
BEN,Benin,14.4,123.0,18.0,11175.198,1054.97408066814,0.3155886,5.67156195150444,0.0432648555103608,87.23404255319149,13.459459459459461,0.1697694370032159,11.006516394608846,32.175891237077
CPV,Cabo Verde,17.62,12.0,1.0,537.498,3893.09571382506,0.7203252,4.5513148102974,0.784415251101334,92.3076923076923,10.516129032258064,0.03687039903901574,22.325664467588716,13.143181913863522
KHM,Cambodia,2.34,10.0,28.0,16009.409,1826.35391688754,-0.153852799999999,8.07503915535979,2.91263557371478,26.31578947368421,6.7272727272727275,0.06841890159203885,0.6246326769464132,17.0281686454977
CMR,Cameroon,3.16,0.0,81.0,24566.073,1496.08951771242,-1.1934513,3.54117654926007,0.64040914988195,0.0,9.727272727272727,0.11613962000903962,0.0,31.156984182085456
CAN,Canada,39.02,182.0,1417.0,36732.095,45129.628116623,1.0192144,3.03383491200222,1.59688412852976,12.674094707520892,9.0,64.68367982023011,4.954794982426131,11.543301992657696
CHL,Chile,36.36,155.0,712.0,18470.439,14879.9086227187,0.5894191,1.35769537343957,2.18271846868519,20.611702127659573,7.980392156862745,9.993125843528931,8.391787547659263,11.737574783600557
HKG,"Hong Kong SAR, China",53.51,907.0,24.0,7306.322,46160.429791493,0.6833963,3.79611114629799,1.49387243939522,100.0,10.600000000000001,18.046941188391827,124.13906750893267,6.8173388508650845
MAC,"Macao SAR, China",34.47,23.0,3.0,622.585,77570.9876166977,1.3135357,9.91855844513513,1.22812404052809,88.46153846153847,8.380281690140844,1.6647125637245297,36.94274677353293,23.40365224940586
TWN,"Chine, Taiwan Province de",33.17,161.0,652.0,23674.546,6025.22737479042,1.0259424,3.39894872623931,2.40636194047246,20.0,8.738095238095237,4.731518816132495,6.800552796239472,3.2595803720600003
CHN,China,12.33,452.0,18236.0,1421021.791,8979.67652709856,-0.203288,6.8912663621211,1.59313600071435,2.495583038869258,6.711864406779661,157.3346965406347,0.31808097726771595,5.574163721611192
CYP,Cyprus,25.08,14.0,25.0,1179.678,26247.44921875,0.6738103,5.75083236554525,0.531766496174467,36.8421052631579,10.527472527472527,0.7765655430588723,11.867645238785498,10.901906811329765
COL,Colombia,31.99,78.0,1564.0,48909.839,6479.53231292429,-0.779948499999999,1.35936086788746,4.3143132569501,4.7560975609756095,8.621621621621623,10.138043102231384,1.5947711461491418,11.825827054284455
COG,"Congo, Rep.",21.53,104.0,7.0,5110.695,2211.63309874797,-0.7695685,-5.59477371915547,0.450063823285546,93.69369369369369,10.347222222222223,0.24335320718811196,20.349482800284502,31.850828109250507
CRI,Costa Rica,26.52,17.0,133.0,4949.954,12317.0902771304,0.7405908,4.1576989627609,1.62590692991731,11.564625850340136,8.619565217391303,1.6168986831752452,3.434375349750725,12.380750428867081
HRV,Croatia,10.77,24.0,61.0,4182.857,13901.7878144679,0.6251591,3.28396321643012,1.12937210282347,35.294117647058826,10.972972972972972,0.6262667813862591,5.737705113992661,-4.116264665578296
CUB,Cuba,23.72,312.0,29.0,11339.254,8610.60829605429,0.5729674,1.80979178380274,2.40636194047246,91.49560117302053,8.682926829268293,2.315970384645432,27.51503758536496,0.7833174326969505
CIV,Cote d'Ivoire,2.53,7.0,58.0,24437.47,1964.29930338343,-1.0411412,7.41076242592504,0.685881065304603,10.76923076923077,10.75,0.12144633840255727,0.286445364434207,27.46944811125125
DNK,Denmark,28.98,133.0,173.0,5732.274,57521.5514992225,0.9149035,3.05647723922718,1.14713216957601,79.64071856287426,11.580357142857144,9.555554942978999,23.201961385656023,4.796284992050159
DJI,Djibouti,2.68,3.0,0.0,944.099,2618.95521147369,-0.7552217,5.458091517212,0.57728572456066,100.0,10.222222222222223,0.006626442029808227,3.177632854181606,17.213710082922496
DMA,Dominica,35.19,4.0,0.0,71.458,8224.64896571414,1.1093885,-7.5443637547282,0.296252889279486,100.0,7.68,0.020681760026220512,55.97693750174928,0.9365068154530531
SLV,El Salvador,20.43,16.0,136.0,6388.126,4020.12671373919,-0.3360373,2.24761908134138,1.0123540331558,10.666666666666666,8.80281690140845,0.5246643823394703,2.504646902706678,4.623727236844899
ESP,Spain,30.39,205.0,1515.0,46647.428,28381.3425596906,0.280621,2.89604207865007,1.95607633363963,13.594164456233422,11.876190476190477,40.23382649499772,4.394668876491969,2.6818771308489753
EST,Estonia,21.26,21.0,20.0,1319.39,20851.5223496861,0.8425161,5.63467248963991,3.41723549488054,70.0,8.453488372093023,0.5848900269509668,15.91644623651839,-1.852716961145462
SWZ,Eswatini,6.46,2.0,6.0,1124.805,3853.09956569679,-0.380332699999999,3.52095345987983,6.22137528933118,25.0,10.136363636363637,0.027997547344178513,1.7780859793475312,7.879234874147856
FJI,Fiji,28.02,3.0,23.0,877.459,5826.84814459328,0.3819841,5.35336455965039,3.34757834757831,11.538461538461538,9.731958762886597,0.14326122609790903,3.4189631652305126,4.935361580502029
FIN,Finland,18.76,16.0,129.0,5511.371,46085.0174739036,1.1388152,3.30337003591039,0.754015047084346,12.030075187969924,11.573529411764707,4.764882957041506,2.9030889047389477,4.032512737981242
FRA,France,22.9,506.0,1750.0,64842.509,38687.1626407164,0.229972,2.08361485997399,1.03228275064681,28.83190883190883,9.728260869565217,57.44631464027618,7.803522840240498,4.805752623998361
RUS,Russian Federation,30.98,226.0,4444.0,145530.082,10658.9130859375,-0.5386198,1.82579006401834,3.68333072334495,4.961580680570801,10.038461538461538,48.05594350833953,1.552943535069265,1.5801841679181194
GAB,Gabon,29.33,76.0,4.0,2064.823,6921.73373135624,-0.4524644,0.472642030911146,2.65192583143902,95.0,10.696969696969697,0.41918890639579076,36.80702898020799,40.21852876763492
GMB,"Gambia, The",3.53,16.0,2.0,2213.889,642.522641296331,-0.196953699999999,4.8226112492757,8.03418974545911,88.88888888888889,10.333333333333334,0.005021332541593632,7.227101268401442,35.00574443485007
GHA,Ghana,7.24,151.0,60.0,29121.465,2012.28662641265,0.0663948999999999,8.12889488100956,12.3719215507048,71.56398104265404,14.124999999999998,0.42426931822195907,5.185178698942515,26.813854204325338
GRD,Grenada,45.7,7.0,1.0,110.874,9751.42661155932,0.9134729,4.43867566948151,0.908458255874249,87.5,8.072916666666668,0.04940991110774229,63.134729512780275,5.403555471052379
GRC,Greece,15.32,79.0,246.0,10569.45,18631.9930129293,0.00694,1.47312472702352,1.12125452031425,26.68918918918919,11.924528301886793,3.0169663521937458,7.474371892577191,-4.954049141223682
GTM,Guatemala,20.58,129.0,235.0,16914.97,4324.99768915601,-0.700759599999999,3.07985126948702,4.42453655182546,36.134453781512605,8.605633802816902,1.5055753028169077,7.6263806557150255,23.463987392417728
GIN,Guinea,4.08,37.0,13.0,12067.519,833.598621691121,-0.800407099999999,10.3000053427355,8.91435947913097,74.0,10.142857142857142,0.041042626198976175,3.0660817687546214,26.78413122197332
GNB,Guinea-Bissau,2.16,4.0,3.0,1828.145,783.123186602022,-0.582037399999999,4.66367943913264,1.69111461822298,57.142857142857146,10.571428571428571,0.0030923915140163953,2.1880102508280252,29.513943252171558
GUY,Guyana,38.34,0.0,31.0,775.222,6178.6650437298,-0.0051392,3.73449154571284,1.90465615515584,0.0,7.472727272727273,0.18364235336081183,0.0,3.851172311426776
GEO,Georgia,15.27,51.0,22.0,4008.716,4418.75206546679,-0.1125587,5.15990261658827,6.03531725272117,75.0,10.176470588235295,0.2704854825413613,12.722278155898298,-3.79544151517196
HTI,Haiti,8.91,89.0,9.0,10982.366,1395.23945184461,-0.834199999999999,2.51027134544685,10.6800887242584,90.81632653061224,8.870967741935484,0.1365282001315702,8.103900379936345,15.660733362765367
HND,Honduras,21.73,12.0,193.0,9429.013,2413.0076562942,-0.9065696,4.84291391050387,3.93436084442044,5.882352941176471,7.505376344086022,0.4944070565752656,1.2726676694580863,20.75291367708956
HUN,Hungary,25.27,58.0,493.0,9729.823,14736.1668157258,0.7324048,4.12418389451805,2.34824281150154,17.008797653958943,9.423076923076925,3.623220049987322,5.961053967785436,-2.936169444408687
IND,India,2.22,0.0,3545.0,1338676.785,1950.10468280866,-0.572111399999999,6.79538341897911,3.32817337461298,0.0,10.714285714285714,5.795442905174547,0.0,13.1394581161703
IDN,Indonesia,7.19,1.0,2301.0,264650.963,3798.88326174526,-0.5816146,5.06978590134916,3.80879857691949,0.043440486533449174,9.68,7.2286686363918875,0.0037785617277349567,13.889972186891875
IRN,"Iran, Islamic Rep.",27.52,6.0,2174.0,80673.883,6000.93346404409,-0.699442999999999,3.02685468694025,8.04492437660278,0.2810304449648712,10.208333333333334,13.322943986733016,0.0743735119332238,13.089247821678885
IRQ,Iraq,14.95,470.0,96.0,37552.781,4759.2846435467,-2.1677252,-1.81975035118309,0.18405889884769,83.03886925795052,10.326923076923077,2.6719293903397956,12.515717544327808,34.543539579455576
IRL,Ireland,25.82,99.0,110.0,4753.279,72161.4047531385,0.9418026,10.1088576065965,0.362173038229378,85.34482758620689,11.6,8.856344943245183,20.827727553968533,9.911527916421292
ISL,Iceland,29.95,2.0,10.0,334.393,72976.3729990975,1.2503574,3.48506703916689,1.76041559180596,16.666666666666668,11.85576923076923,0.7308635094738019,5.980986444094225,9.571306396489977
ISR,Israel,67.39,0.0,629.0,8243.848,41138.470964272,-0.4501475,4.3469311670646,0.249807840123008,0.0,11.91025641025641,22.854597533602337,0.0,20.398396936765284
ITA,Italy,18.88,97.0,1315.0,60673.701,32844.115660604,0.2543499,1.60369995294101,1.22653316645812,7.89259560618389,12.046153846153846,37.62357412443308,1.5987157269341457,3.2781448842877925
JAM,Jamaica,51.1,31.0,128.0,2920.848,5605.43541173019,0.1291365,2.29303371291363,4.37839864991561,19.620253164556964,8.825842696629215,0.8366411278666945,10.613356121236025,5.5133123114542215
JPN,Japan,18.5,1069.0,2215.0,127502.725,38834.0529341227,1.169376,1.67533175173359,0.484199796126385,32.65119120342089,10.805970149253731,91.60178008005546,8.384134535163856,-0.7715002725768083
JOR,Jordan,28.07,64.0,210.0,9785.843,4065.61628749384,-0.444359699999999,2.47359815449045,3.32389447576097,24.242424242424242,10.306122448979592,1.1167784990425482,6.540059962131009,56.441326367484756
KAZ,Kazakhstan,18.27,174.0,171.0,18080.019,8943.08416791984,-0.0563947,4.10000000257358,7.44266321306792,51.32743362831859,10.131147540983607,2.9540969756947573,9.623883691715147,15.143925935021208
KEN,Kenya,0.67,0.0,35.0,50221.142,1667.48447230835,-1.1322093,3.83795817364721,8.00564967709945,0.0,11.5,0.056107792892617116,0.0,29.750504392970043
KGZ,Kyrgyz Republic,3.1,25.0,7.0,6189.733,1221.39046807082,-0.2975366,4.73993722377884,3.1753098637994,78.125,9.818181818181818,0.02343625074692054,4.0389464295148105,19.391685659572055
KIR,Kiribati,17.98,1.0,1.0,114.158,1853.05122713319,0.9519508,3.74913001948165,0.355520888546828,50.0,10.555555555555555,0.003803500383327531,8.759789064279332,18.265355807183493
KWT,Kuwait,46.25,137.0,56.0,4056.099,29047.6536135703,0.0018547,-4.71222270495362,2.17183298510006,72.48677248677248,10.173076923076922,5.449182343313636,33.7762958941584,61.98355523660166
LSO,Lesotho,7.93,15.0,2.0,2091.534,1069.36673247542,-0.2021614,-3.13817493733471,4.447699373763,88.23529411764706,10.074074074074074,0.017736371853969073,7.171769619810148,5.265028018211093
LVA,Latvia,20.89,43.0,33.0,1951.097,15132.4958333982,0.6631827,3.39894872623931,2.93036312374665,76.78571428571429,10.027777777777777,0.6167765652896342,22.038883766414482,-11.236669670791311
LBN,Lebanon,10.74,13.0,64.0,6819.373,8608.21084982387,-1.3393518,0.903028464073813,4.32135218303191,17.80821917808219,10.263157894736842,0.6304659309551806,1.9063336174748031,43.043443057601884
LBR,Liberia,10.67,48.0,15.0,4702.226,699.269095727404,-0.2701752,2.45515592012239,12.4196323907138,76.19047619047619,10.38888888888889,0.03508425451561922,10.20793130742759,35.82746639067265
LTU,Lithuania,28.19,44.0,118.0,2845.414,16800.1510246099,0.8922634,4.61224310312809,3.72288862303707,46.808510638297875,10.145833333333334,1.3475774211073346,15.463479128169046,-12.69004412423519
LUX,Luxembourg,18.33,11.0,0.0,591.91,110193.213797228,1.2715421,1.31718713754285,1.73079959118887,100.0,10.420289855072465,1.1955644467258868,18.58390633711206,24.634934672520338
MKD,North Macedonia,19.73,40.0,2.0,2081.996,5955.2973863451,-0.249481799999999,1.08177273813243,1.35161889677442,97.5609756097561,10.308823529411764,0.24463040230258018,19.21233278065856,0.8022558058240925
MDG,Madagascar,2.87,0.0,81.0,25570.512,491.866848718929,-0.535016199999999,3.93330759462793,8.60905075422949,0.0,6.928571428571429,0.03609681414222463,0.0,31.579347653257027
MYS,Malaysia,39.21,68.0,1724.0,31104.646,9862.54806612235,-0.011848,5.81272240983328,3.87120115774237,3.8901601830663615,9.119718309859154,12.028493507847584,2.186168587162188,16.407991356407116
MWI,Malawi,5.17,0.0,130.0,17670.196,495.769683367165,-0.313000899999999,4.00000000089172,11.5433939188771,0.0,10.23529411764706,0.04529099645069121,0.0,32.44230953440636
MDV,Maldives,13.5,12.0,0.0,496.402,10509.628805812,-0.0431782999999999,7.07442863215275,2.81747338234509,100.0,10.0,0.07042951023924629,24.173955785834867,48.10498584296281
MLI,Mali,2.83,1.0,48.0,18512.43,924.057531692284,-1.71864139999999,5.37554769639952,1.75985742927165,2.0408163265306123,10.666666666666666,0.04841153755113611,0.05401775995911936,35.60765350881048
MLT,Malta,27.17,9.0,4.0,437.933,30317.2443175543,1.082828,12.9713424962459,1.36435448150708,69.23076923076923,12.310679611650485,0.3607339641028991,20.55108886519171,7.375469533065915
MAR,Morocco,20.96,3.0,762.0,35581.255,3296.52661132813,-0.5065227,5.05789816173446,0.754663249323619,0.39267015706806285,10.414285714285715,2.4584938512521157,0.084314058062314,14.175421491555241
MUS,Mauritius,37.93,2.0,48.0,1264.499,10986.7034093005,1.0144918,3.93798380632353,3.66699702675925,4.0,10.203125,0.5269491807423637,1.5816540780182506,2.4807742025417356
MRT,Mauritania,5.14,24.0,5.0,4282.57,1615.00401327323,-0.7637873,6.27054566937677,2.25427651934813,82.75862068965517,14.454545454545457,0.03555013016881497,5.6041115498404,33.72512932796297
MEX,Mexico,32.52,972.0,3249.0,124777.324,9649.27816772402,-1.0455954,1.87172853327193,6.04145724018986,23.076923076923077,7.528455284552845,39.15444124192337,7.789876949116172,14.295823243535155
MNG,Mongolia,2.77,10.0,0.0,3113.786,3645.96708669551,0.716039,5.63687638694772,4.30143105302342,100.0,10.555555555555555,0.031447148720706745,3.211524491406924,20.04634091802824
MNE,Montenegro,15.98,8.0,4.0,627.563,7674.2813940676,0.0506422,3.21668504736274,2.3802359905313,66.66666666666667,10.527272727272727,0.07696119897099382,12.747724132875902,1.292540613827664
MOZ,Mozambique,3.59,24.0,92.0,28649.018,470.93856305196,-1.06530219999999,2.63820737310658,15.1132073899384,20.689655172413794,9.23076923076923,0.04843601925747336,0.8377250487259285,32.185670157718384
MMR,Myanmar,30.37,3.0,1662.0,53382.523,1272.82241815234,-1.24136,6.13610824360305,4.5725365531752,0.18018018018018017,8.560344827586206,2.0635343550024023,0.05619816807834279,7.579476426285203
NAM,Namibia,11.53,29.0,11.0,2402.633,5143.96072323076,0.6294292,-1.02724808856709,6.14579981111164,100.0,10.625,0.1424998440134182,12.070091437185788,19.741651441255836
NIC,Nicaragua,21.59,6.0,143.0,6384.846,2182.61380995674,-0.181501599999999,4.63120757580209,3.85067166284727,4.026845637583893,7.430107526881721,0.30087074943687586,0.9397250928213461,14.217945977275704
NER,Niger,0.94,3.0,19.0,21602.382,521.804130023434,-1.0412801,5.00536078615544,2.79637318871284,13.636363636363637,10.666666666666668,0.010595879417187258,0.13887357421973187,47.10109000102756
NGA,Nigeria,1.01,0.0,201.0,190873.244,1876.34027111773,-1.90978539999999,0.805886619102438,16.5022662139641,0.0,15.5,0.3617245859400415,0.0,30.43137487987988
NOR,Norway,19.05,2.0,101.0,5296.326,76131.8384032764,1.0956942,2.46374626574153,1.87510059552545,1.941747572815534,11.833333333333334,7.681322619856508,0.3776202597800815,12.224514885572368
NCL,New Caledonia,38.71,9.0,1.0,277.15,32354.7102832901,-0.02007499999999995,3.39894872623931,2.40636194047246,90.0,10.330882352941178,0.34711674893858613,32.473389861086055,13.898352449954988
NZL,New Zealand,34.79,1.0,223.0,4702.034,42950.3841711138,1.4924848,3.37873219470765,1.85078767452536,0.4975124378109453,8.585714285714285,7.025985458993378,0.21267391941444916,11.079208683298013
NPL,Nepal,1.99,0.0,58.0,27632.681,1034.28374906846,-0.5502541,8.97727935643466,2.77703998300211,0.0,9.571428571428573,0.056874265473970675,0.0,4.738353688746377
OMN,Oman,21.63,126.0,7.0,4665.928,17820.0661809335,0.5468563,0.304057565922449,1.58909413567799,100.0,10.10958904109589,1.7984727626908308,27.004274390860726,75.59844013792181
UGA,Uganda,1.52,0.0,65.0,41166.588,765.218332297361,-0.6855171,3.13140551723596,5.20971705914209,0.0,10.200000000000001,0.04788217027991348,0.0,39.61241304362719
UZB,Uzbekistan,1.96,0.0,0.0,31959.785,2190.60411562888,-0.2138791,4.39527463349263,13.8757425441635,0.0,10.5,0.13722202364900374,0.0,17.478862392620155
PAK,Pakistan,5.86,2.0,1281.0,207906.209,1519.23459514248,-2.2184098,4.43262590683975,4.08537368032608,0.1563721657544957,9.85,1.850929668810256,0.009619722323925401,23.89521292788568
PAN,Panama,33.82,20.0,198.0,4106.769,15694.6297518495,0.457992,5.74405946988693,0.875585918759878,9.174311926605505,8.837606837606838,2.179841684259042,4.870008515209888,18.910117483550138
PRY,Paraguay,5.99,1.0,45.0,6867.061,6152.2671153779,-0.0283019999999999,4.81007885552178,3.60247741348943,2.380952380952381,8.181818181818182,0.2530654814818685,0.1456227052592077,14.481029776639787
NLD,Netherlands,20.33,608.0,1100.0,17021.347,49513.6817346384,0.7820237,2.78154619309936,1.38145871407216,100.0,12.114285714285716,17.13391171521428,35.71985225376111,3.118087825789062
PHL,Philippines,13.87,249.0,1272.0,105172.925,3038.12124959289,-1.2792545,6.9309883258402,2.85318772590947,16.392363396971692,9.6875,4.431854723758586,2.367529475860826,17.63587941956399
POL,Poland,30.3,55.0,2351.0,37953.18,13913.3402919927,0.6020499,5.15245773325907,2.07593553673859,3.9826212889210715,11.345794392523365,16.000081907648518,1.4491539312384365,-1.043345953356145
PYF,French Polynesia,47.4,15.0,1.0,276.102,20826.9312492172,-0.02007499999999995,4.29263363103487,2.40636194047246,93.75,9.70059880239521,0.27256693942196275,54.32774844079363,5.093235790058648
PRT,Portugal,30.58,82.0,361.0,10288.527,21442.3842768879,1.054818,3.31472008175986,1.36861411643472,20.551378446115287,11.688073394495413,6.746270606068838,7.970042747615864,-2.691876956549244
PER,Peru,13.47,60.0,1465.0,31444.298,6736.16693725487,-0.2242779,2.51883544233135,2.99490045809443,3.937007874015748,10.82258064516129,2.853135126246074,1.908136095135595,10.980977269939007
ROU,Romania,19.37,146.0,392.0,19653.969,10727.9822007426,0.1382404,8.19547826641261,1.3390212110439,31.13006396588486,11.984848484848486,4.08411471146719,7.4285249966558915,-6.5617932785523525
GBR,United Kingdom,31.94,779.0,1814.0,66727.461,40916.8115070354,0.4406625,3.02322219840339,2.55775577557747,34.87018800358102,11.475,87.204981713917,11.674353981488972,8.579098693125232
RWA,Rwanda,1.49,0.0,19.0,11980.961,758.300966509647,0.094453,3.91817093628465,8.27953672260832,0.0,10.0,0.013536909715961437,0.0,29.192095501316228
CAF,Central African Republic,2.29,4.0,7.0,4596.023,432.324025684263,-1.82651039999999,4.52727821346231,4.18072331871266,36.36363636363637,9.75,0.004550163968989191,0.8703176637714825,9.480992184392134
KOR,"Korea, Rep.",16.7,137.0,838.0,51096.415,33296.9845439195,0.6254761,3.433191763972,1.94433230786366,14.13828689370485,9.161290322580646,28.412654226428426,2.681205716682863,4.204370323857698
MDA,Moldova,16.14,16.0,54.0,4059.684,3453.26727720294,-0.181840299999999,4.17561205106279,6.57022997455611,22.857142857142858,10.054545454545455,0.22626946695556727,3.9411934524953174,-1.7058033924306715
DOM,Dominican Republic,35.26,42.0,339.0,10513.104,7412.71571571512,0.0918722,3.93386176401576,3.27955694678546,11.2,8.845528455284553,2.7478347627840165,3.9950142222506315,12.573728209467916
LAO,Lao PDR,10.91,0.0,0.0,6953.035,2432.43059478511,0.2776591,6.8925308726989,0.825478607568026,0.0,8.75609756097561,0.18451837591127349,0.0,16.95703646188327
PRK,"Korea, Dem. People's Rep.",1.62,0.0,43.0,25429.825,6025.22737479042,-0.3543859,3.39894872623931,2.40636194047246,0.0,6.125,0.2482171739163303,0.0,5.132615392107875
TZA,Tanzania,1.88,2.0,105.0,54660.339,986.674011230469,-0.683829799999999,6.72726996832338,5.31871605228931,1.8691588785046729,10.5,0.10139203956033281,0.03658960109998586,34.36194474459518
KNA,St. Kitts and Nevis,55.77,4.0,0.0,52.045,22464.9899633959,0.6612426,0.220941147299996,0.694916711613604,100.0,10.11578947368421,0.06520574875550829,76.85656643289461,8.930888693540972
VCT,St. Vincent and the Grenadines,72.31,9.0,0.0,109.827,7988.04445019298,0.7873576,1.54810173239956,2.15333648840511,100.0,10.329218106995885,0.06343777688078452,81.94706219782022,1.2062514974474192
LCA,St. Lucia,56.69,10.0,1.0,180.954,11333.1123822102,0.8668533,3.37982617272246,0.104262078958441,90.9090909090909,7.883817427385892,0.11625826570101322,55.26266343932712,7.942662506934539
WSM,Samoa,64.77,17.0,0.0,195.352,4307.59381964907,1.0690453,1.40628239971301,1.74989677484705,100.0,10.08294930875576,0.054503765085038625,87.02240058970473,7.309141645518169
STP,Sao Tome and Principe,9.47,2.0,1.0,207.089,1555.79477812888,0.2145007,4.11297966281954,5.6902961992902,66.66666666666667,9.727272727272727,0.0030511202161311126,9.657683411480088,24.52736019242332
SRB,Serbia,10.16,12.0,85.0,8829.628,6548.03653824187,0.1168497,2.3634031250553,3.13106248590115,13.333333333333334,10.0,0.5874179439129282,1.3590606535179057,-2.983754313311937
SLE,Sierra Leone,3.97,14.0,17.0,7488.423,779.186007841728,-0.1470976,3.20786087715987,18.2215094003386,45.16129032258065,12.4,0.023164451456928702,1.8695525079178887,25.02306902609892
SVK,Slovak Republic,13.9,63.0,71.0,5447.9,17645.5298716761,0.8542516,2.87473327453695,1.31194588223228,63.63636363636363,9.875,1.3362220424118687,11.56408891499477,0.9114800399800504
SVN,Slovenia,24.41,20.0,72.0,2076.394,23303.077705959,0.9455099,5.17440215579958,1.42910743319306,31.746031746031747,10.506024096385543,1.1811113095238654,9.632083313667831,3.1944448586017193
SDN,Sudan,1.6,2.0,67.0,40813.397,966.505676269531,-1.9473364,0.70925628476644,32.3516260968437,2.898550724637681,10.8,0.06311420778934697,0.04900351715393845,367.8159125095438
LKA,Sri Lanka,7.78,0.0,192.0,21128.032,4398.88828068715,-0.179121299999999,6.46068127065753,7.70413767850602,0.0,10.153846153846155,0.7230720513513325,0.0,6.481126641993118
CHE,Switzerland,15.72,51.0,91.0,8455.804,82254.3769269767,1.1641565,1.36279965488859,0.533787839825876,36.95652173913044,11.8,10.93368270194394,6.03136023493449,12.190847742504896
SUR,Suriname,31.06,18.0,10.0,570.496,6049.52128553675,0.1667453,1.56603782534897,21.9969430173304,78.26086956521739,8.276785714285714,0.10719513221643961,31.55149203500112,11.603522040138415
SWE,Sweden,16.6,84.0,157.0,9904.896,53210.2233318965,0.8668924,1.88282184966646,1.79449904665599,38.53211009174312,11.622950819672132,8.748892688770859,8.480654415755602,8.097369195626003
SEN,Senegal,4.76,0.0,77.0,15419.355,1356.80518449031,-0.1422197,7.4074861863013,1.31815314847789,0.0,10.0625,0.09958424943416373,0.0,31.935051355856213
TJK,Tajikistan,4.45,38.0,2.0,8880.268,829.45714764957,-0.6533475,7.10000041864309,2.40636194047246,95.0,8.055555555555555,0.03277781785711469,4.279150133757224,25.735245810650696
TCD,Chad,0.45,1.0,6.0,15016.753,854.46120040098,-1.36771589999999,-1.61746922760291,-1.5370996298084,14.285714285714286,7.5,0.005774054757527258,0.0665922919555246,38.812346875917456
CZE,Czechia,21.96,116.0,163.0,10641.034,20913.197632212,1.0199948,5.17356529967881,2.4505339846014,46.03174603174603,9.146341463414634,4.886935513285799,10.901196255927761,2.7370983336001187
THA,Thailand,12.95,2.0,1676.0,69209.81,6413.09182530343,-0.984692599999999,4.1776810321001,0.665631893135106,0.22675736961451248,9.25531914893617,5.747842824306357,0.02889763748809598,4.574869201350262
TLS,Timor-Leste,4.24,11.0,1.0,1243.258,1266.17771143471,0.0703179999999999,-3.18241515376397,0.557215537430361,91.66666666666667,10.428571428571429,0.006674546813250674,8.847721068354275,19.960208106585142
TGO,Togo,7.06,16.0,40.0,7698.474,792.765700965864,-0.835878399999999,4.00791259566937,-0.981889868943119,28.571428571428573,9.958333333333334,0.043087788127060996,2.0783339659262343,30.033905038528918
TTO,Trinidad and Tobago,54.54,23.0,61.0,1384.059,17566.0999700656,0.0748617,-4.87274946918724,1.88038440183532,27.38095238095238,8.798941798941797,1.3260047730869007,16.617788692534063,5.778435722850905
TUN,Tunisia,17.03,0.0,213.0,11433.443,3619.03247319953,-0.7432926,2.25261437620587,5.30884839565844,0.0,11.017543859649123,0.7046673655020138,0.0,10.953391676789836
TKM,Turkmenistan,4.52,9.0,20.0,5757.667,5828.4816623489,-0.2289187,6.50000004682975,2.40636194047246,31.03448275862069,10.200000000000001,0.1516842235038995,1.5631331231903476,18.22382555248403
TUR,Turkiye,20.64,3.0,2192.0,81116.45,10756.3877677883,-1.70623179999999,7.82585730002594,11.1443110840764,0.16987542468856173,9.845070422535212,18.008812604877928,0.03698386702080774,16.577027387947506
UKR,Ukraine,22.62,121.0,1211.0,44487.709,2604.28759765625,-1.590004,2.35997228099491,14.4383227488749,11.425873465533522,9.717948717948719,2.6207258025845284,2.7198523529274117,-4.0517398467807
URY,Uruguay,9.12,3.0,33.0,3436.641,19184.6502617082,1.1129983,1.74037643374211,6.2180938256186,9.090909090909092,9.000000000000002,0.6012884916196298,0.8729454138503265,3.14825636625089
VUT,Vanuatu,11.66,4.0,1.0,285.51,3159.86055790126,0.8525004,4.41266598569969,3.08452624403546,80.0,10.125,0.010519323046755293,14.010017162271025,30.089487497266166
VEN,"Venezuela, RB",20.28,25.0,600.0,29402.484,3791.33160682077,-1.38006459999999,-15.6714088720003,2.40636194047246,4.0,10.183098591549296,2.260704216899147,0.8502682970595273,7.908488120609469
VNM,Viet Nam,12.33,291.0,918.0,94600.648,2956.10992127753,0.1500179,6.94019037359206,3.52025688811617,24.089403973509935,8.354166666666666,3.448083441001987,3.076088865691491,10.748186560621665
YEM,"Yemen, Rep.",8.53,78.0,168.0,27834.819,811.165970405745,-2.7305026,-5.07179568062152,2.40636194047246,31.70731707317073,10.133333333333333,0.19259595244318387,2.8022456334276864,30.787263629322005
ZMB,Zambia,3.42,12.0,49.0,16853.599,1483.46577328065,-0.211101999999999,3.52586277149926,6.57731154205644,20.0,10.454545454545453,0.0855059414739917,0.712014092657598,34.79689366308354
ZWE,Zimbabwe,4.68,6.0,69.0,14236.595,3445.44941020134,-0.8348774,4.73441117758482,0.893962316050027,8.0,9.9375,0.22956086951939858,0.4214490894768026,16.16094652038418
EGY,"Egypt, Arab Rep.",12.96,110.0,1118.0,96442.591,2395.10333299491,-1.4711477,4.18122099994778,29.5066083940038,8.964955175224123,9.02,2.993630026062074,1.1405749146660733,23.277476825824728
ARE,United Arab Emirates,43.47,433.0,48.0,9487.203,43733.6192287435,0.7192871,-1.06137661464977,1.96682557818842,100.0,10.068027210884354,18.036125682622558,45.64042742629203,53.79238358990786
ECU,Ecuador,19.31,0.0,340.0,16785.361,6233.32244797718,-0.1273984,5.97039880954841,0.417335588666824,0.0,7.409638554216869,2.02037763878611,0.0,17.40841518695726
USA,United States,55.68,123.0,21914.0,325084.756,59635.0984397965,0.1101294,2.45762229852507,2.13011000365961,0.6704824202780049,9.100456621004566,1079.4381721627767,0.3783628660828378,8.142262371491915
ETH,Ethiopia,0.13,1.0,14.0,106399.924,696.348429076216,-1.5195725,9.56418965754014,10.6871150284238,6.666666666666667,0.0,0.009631884591059741,0.0093985029538179,31.88817342533714
SLB,Solomon Islands,4.45,6.0,0.0,636.039,2143.57670489272,0.1156377,3.07546176144591,0.488686760261083,100.0,8.38888888888889,0.0060671228079245115,9.433383801936674,29.241544951354513
