"Code Pays","Pays","Code M49","Code ISO2","Code ISO3","Année de début","Año de inicio"
"2","Afghanistan","004","AF","AFG","",""
"5100","Afrique","002","F5100","X06","",""
"51000","Afrique (exc commerce intracom)","002.03","F51000","F51000","",""
"5104","Afrique australe","018","F5104","F5104","",""
"5102","Afrique centrale","017","F5102","F5102","",""
"51020","Afrique Centrale (exc commerce intracom)","017.03","F51020","F51020","",""
"51010","Afrique de l'Est (exc commerce intracom)","014.03","F51010","F51010","",""
"51050","Afrique de l'Ouest (exc commerce intracom)","011.03","F51050","F51050","",""
"51030","Afrique du Nord (exc commerce intracom)","015.03","F51030","F51030","",""
"429","Afrique du Nord (Soudan Excl)","746","F429","F429","",""
"202","Afrique du Sud","710","ZA","ZAF","",""
"51040","Afrique du Sud (exc commerce intracom)","018.03","F51040","F51040","",""
"5105","Afrique occidentale","011","F5105","F5105","",""
"5101","Afrique orientale","014","F5101","F5101","",""
"5103","Afrique septentrionale","015","F5103","F5103","",""
"420","Afrique subsaharienne","202","F420","F420","",""
"5810","Afrique subsaharienne (y compris Soudan)","738","F5810","F5810","",""
"3","Albanie","008","AL","ALB","",""
"4","Algérie","012","DZ","DZA","",""
"79","Allemagne","276","DE","DEU","",""
"78","Allemagne Fr","280","F78","F78","","1989"
"77","Allemagne Nl","278","F77","F77","","1989"
"5204","Amérique centrale","013","F5204","F5204","",""
"52040","Amérique Centrale (exc commerce intracom)","013.03","F52040","F52040","",""
"5208","Amérique du Nord et Europe","513","F5208","F5208","",""
"5207","Amérique du Sud","005","F5207","F5207","",""
"52070","Amérique du Sud (exc commerce intracom)","005.03","F52070","F52070","",""
"348","Amérique Latine","420","F348","F348","",""
"5205","Amérique latine et Caraïbes","419","F5205","F5205","",""
"336","Amérique Nord et Centrale","637","F336","F336","",""
"52030","Amérique Nordique (exc commerce intracom)","021.03","F52030","F52030","",""
"5203","Amérique septentrionale","021","F5203","F5203","",""
"5200","Amériques","019","F5200","X21","",""
"52000","Amériques (exc commerce intracom)","019.03","F52000","F52000","",""
"6","Andorre","020","AD","AND","",""
"7","Angola","024","AO","AGO","",""
"258","Anguilla","660","AI","AIA","",""
"30","Antarctique","010","AQ","ATA","",""
"8","Antigua-et-Barbuda","028","AG","ATG","",""
"151","Antilles néerlandaises (ex)","530","AN","ANT","","2010"
"194","Arabie saoudite","682","SA","SAU","",""
"24","Archipel des Chagos","086","IO","IOT","",""
"9","Argentine","032","AR","ARG","",""
"1","Arménie","051","AM","ARM","1992",""
"22","Aruba","533","AW","ABW","",""
"187","Ascension, Sainte-Hélène et Tristan da Cunha","654","SH","SHN","",""
"5300","Asie","142","F5300","F5300","",""
"53000","Asie (exc commerce intracom)","142.03","F53000","F53000","",""
"5301","Asie centrale","143","F5301","F5301","",""
"53010","Asie Centrale (exc commerce intracom)","143.03","F53010","F53010","",""
"5306","Asie centrale et Asie du Sud","062","F5306","F5306","",""
"53020","Asie de l'Est (exc commerce intracom)","030.03","F53020","F53020","",""
"53050","Asie de l'Ouest (exc commerce intracom)","145.03","F53050","F53050","",""
"53030","Asie du Sud (exc commerce intracom)","034.03","F53030","F53030","",""
"5855","Asie du Sud (Inde Excl)","127","F5855","F5855","",""
"5304","Asie du Sud-Est","035","F5304","F5304","",""
"53040","Asie du Sud-Est (exc commerce intracom)","035.03","F53040","F53040","",""
"5303","Asie méridionale","034","F5303","F5303","",""
"5305","Asie occidentale","145","F5305","F5305","",""
"5308","Asie occidentale et Afrique du Nord","747","F5308","F5308","",""
"5302","Asie orientale","030","F5302","F5302","",""
"5307","Asie orientale et Asie du Sud-Est","753","F5307","F5307","",""
"10","Australie","036","AU","AUS","",""
"5501","Australie et Nouvelle-Zélande","053","F5501","F5501","",""
"55010","Australie et Nouvelle-Zélande (exc commerce intracom)","053.03","F55010","F55010","",""
"11","Autriche","040","AT","AUT","",""
"52","Azerbaïdjan","031","AZ","AZE","1992",""
"12","Bahamas","044","BS","BHS","",""
"13","Bahreïn","048","BH","BHR","",""
"16","Bangladesh","050","BD","BGD","",""
"14","Barbade","052","BB","BRB","",""
"57","Bélarus","112","BY","BLR","1992",""
"255","Belgique","056","BE","BEL","2000",""
"15","Belgique-Luxembourg","058","F15","F15","","1999"
"23","Belize","084","BZ","BLZ","",""
"53","Bénin","204","BJ","BEN","",""
"17","Bermudes","060","BM","BMU","",""
"18","Bhoutan","064","BT","BTN","",""
"19","Bolivie (État plurinational de)","068","BO","BOL","",""
"278","Bonaire, Saint-Eustache et Saba","535","BQ","BES","2011",""
"80","Bosnie-Herzégovine","070","BA","BIH","1992",""
"20","Botswana","072","BW","BWA","",""
"21","Brésil","076","BR","BRA","",""
"26","Brunéi Darussalam","096","BN","BRN","",""
"27","Bulgarie","100","BG","BGR","",""
"233","Burkina Faso","854","BF","BFA","",""
"29","Burundi","108","BI","BDI","",""
"35","Cabo Verde","132","CV","CPV","",""
"115","Cambodge","116","KH","KHM","",""
"32","Cameroun","120","CM","CMR","",""
"33","Canada","124","CA","CAN","",""
"5206","Caraïbes","029","F5206","F5206","",""
"52060","Caraïbes (exc commerce intracom)","029.03","F52060","F52060","",""
"5857","Caucase et Asie Centrale","135","F5857","F5857","",""
"40","Chili","152","CL","CHL","",""
"351","Chine","159","F351","F351","",""
"96","Chine - RAS de Hong-Kong","344","HK","HKG","",""
"128","Chine - RAS de Macao","446","MO","MAC","",""
"265","Chine (exc commerce intracom)","159.03","F265","F265","",""
"41","Chine, continentale","156","CN","CHN","",""
"214","Chine, Taiwan Province de","158","TW","TWN","",""
"50","Chypre","196","CY","CYP","",""
"44","Colombie","170","CO","COL","",""
"45","Comores","174","KM","COM","",""
"46","Congo","178","CG","COG","",""
"48","Costa Rica","188","CR","CRI","",""
"107","Côte d'Ivoire","384","CI","CIV","",""
"98","Croatie","191","HR","HRV","1992",""
"49","Cuba","192","CU","CUB","",""
"279","Curaçao","531","CW","CUW","2011",""
"54","Danemark","208","DK","DNK","",""
"72","Djibouti","262","DJ","DJI","",""
"55","Dominique","212","DM","DMA","",""
"5829","Eastern Asia (excluding Japan and China)","223","F5829","F5829","",""
"59","Égypte","818","EG","EGY","",""
"60","El Salvador","222","SV","SLV","",""
"225","Émirats arabes unis","784","AE","ARE","",""
"58","Équateur","218","EC","ECU","",""
"178","Érythrée","232","ER","ERI","1993",""
"203","Espagne","724","ES","ESP","",""
"63","Estonie","233","EE","EST","1992",""
"209","Eswatini","748","SZ","SWZ","",""
"231","États-Unis d'Amérique","840","US","USA","",""
"238","Éthiopie","231","ET","ETH","1993",""
"62","Éthiopie RDP","230","F62","F62","","1992"
"5400","Europe","150","F5400","F5400","",""
"54000","Europe (exc commerce intracom)","150.03","F54000","F54000","",""
"54010","Europe de l'Est (exc commerce intracom)","151.03","F54010","F54010","",""
"54040","Europe de l'Ouest (exc commerce intracom)","155.03","F54040","F54040","",""
"54020","Europe du Nord (exc commerce intracom)","154.03","F54020","F54020","",""
"54030","Europe du Sud (exc commerce intracom)","039.03","F54030","F54030","",""
"5403","Europe méridionale","039","F5403","F5403","",""
"5404","Europe occidentale","155","F5404","F5404","",""
"5401","Europe orientale","151","F5401","F5401","",""
"5402","Europe septentrionale","154","F5402","F5402","",""
"5777","Europe, Northern America, Australia and New Zealand","777","","","",""
"99029","FAO Major Fishing Area: Atlantic, Eastern Central (14.4.1)","99029","F99029","F99029","",""
"99024","FAO Major Fishing Area: Atlantic, Northeast (14.4.1)","99024","F99024","F99024","",""
"99023","FAO Major Fishing Area: Atlantic, Northwest (14.4.1)","99023","F99023","F99023","",""
"99026","FAO Major Fishing Area: Atlantic, Southeast (14.4.1)","99026","F99026","F99026","",""
"99030","FAO Major Fishing Area: Atlantic, Southwest (14.4.1)","99030","F99030","F99030","",""
"99028","FAO Major Fishing Area: Atlantic, Western Central (14.4.1)","99028","F99028","F99028","",""
"99025","FAO Major Fishing Area: Indian Ocean, Eastern (14.4.1)","99025","F99025","F99025","",""
"99027","FAO Major Fishing Area: Indian Ocean, Western (14.4.1)","99027","F99027","F99027","",""
"99032","FAO Major Fishing Area: Mediterranean and Black Sea (14.4.1)","99032","F99032","F99032","",""
"99018","FAO Major Fishing Area: Pacific, Eastern Central (14.4.1)","99018","F99018","F99018","",""
"99019","FAO Major Fishing Area: Pacific, Northeast (14.4.1)","99019","F99019","F99019","",""
"99020","FAO Major Fishing Area: Pacific, Northwest (14.4.1)","99020","F99020","F99020","",""
"99031","FAO Major Fishing Area: Pacific, Southeast (14.4.1)","99031","F99031","F99031","",""
"99022","FAO Major Fishing Area: Pacific, Southwest (14.4.1)","99022","F99022","F99022","",""
"99021","FAO Major Fishing Area: Pacific, Western Central (14.4.1)","99021","F99021","F99021","",""
"185","Fédération de Russie","643","RU","RUS","1992",""
"66","Fidji","242","FJ","FJI","",""
"67","Finlande","246","FI","FIN","",""
"68","France","250","FR","FRA","",""
"74","Gabon","266","GA","GAB","",""
"75","Gambie","270","GM","GMB","",""
"73","Géorgie","268","GE","GEO","1992",""
"271","Géorgie du Sud-et-Îles Sandwich du Sud","239","GS","SGS","",""
"81","Ghana","288","GH","GHA","",""
"82","Gibraltar","292","GI","GIB","",""
"84","Grèce","300","GR","GRC","",""
"86","Grenade","308","GD","GRD","",""
"85","Groenland","304","GL","GRL","",""
"87","Guadeloupe","312","GP","GLP","",""
"88","Guam","316","GU","GUM","",""
"89","Guatemala","320","GT","GTM","",""
"274","Guernesey","831","GG","GGY","",""
"90","Guinée","324","GN","GIN","",""
"61","Guinée équatoriale","226","GQ","GNQ","",""
"175","Guinée-Bissau","624","GW","GNB","",""
"91","Guyana","328","GY","GUY","",""
"69","Guyane française","254","GF","GUF","",""
"93","Haïti","332","HT","HTI","",""
"9010","High-income economies","903","F9010","F9010","",""
"95","Honduras","340","HN","HND","",""
"97","Hongrie","348","HU","HUN","",""
"31","Île Bouvet","074","BV","BVT","",""
"42","Île Christmas","162","CX","CXR","",""
"264","Île de Man","833","IM","IMN","",""
"92","Île Heard et Îles McDonald","334","HM","HMD","",""
"111","Île Johnston","396","JT","JTN","",""
"139","Île Midway","488","MI","MID","",""
"161","Île Norfolk","574","NF","NFK","",""
"259","Îles Anglo-Normandes","830","F259","CHA","",""
"36","Îles Caïmanes","136","KY","CYM","",""
"47","Îles Cook","184","CK","COK","",""
"284","Îles d'Åland","248","AX","ALA","",""
"43","Îles des Cocos (Keeling)","166","CC","CCK","",""
"65","Îles Falkland (Malvinas)","238","FK","FLK","",""
"64","Îles Féroé","234","FO","FRO","",""
"163","Îles Mariannes du Nord","580","MP","MNP","1991",""
"127","Îles Marshall","584","MH","MHL","1991",""
"232","Îles mineures éloignées des États-Unis","581","UM","UMI","",""
"25","Îles Salomon","090","SB","SLB","",""
"260","Îles Svalbard-et-Jan Mayen","744","SJ","SJM","",""
"224","Îles Turques-et-Caïques","796","TC","TCA","",""
"240","Îles Vierges américaines","850","VI","VIR","",""
"239","Îles Vierges britanniques","092","VG","VGB","",""
"242","Îles Wake","872","WK","WAK","",""
"243","Îles Wallis-et-Futuna","876","WF","WLF","",""
"100","Inde","356","IN","IND","",""
"101","Indonésie","360","ID","IDN","",""
"5823","International Centres (FAO) (2.5.1.a)","917","F5823","F5823","",""
"102","Iran (République islamique d')","364","IR","IRN","",""
"103","Iraq","368","IQ","IRQ","",""
"104","Irlande","372","IE","IRL","",""
"99","Islande","352","IS","ISL","",""
"105","Israël","376","IL","ISR","",""
"106","Italie","380","IT","ITA","",""
"109","Jamaïque","388","JM","JAM","",""
"110","Japon","392","JP","JPN","",""
"283","Jersey","832","JE","JEY","",""
"112","Jordanie","400","JO","JOR","",""
"108","Kazakhstan","398","KZ","KAZ","1992",""
"114","Kenya","404","KE","KEN","",""
"113","Kirghizistan","417","KG","KGZ","1992",""
"83","Kiribati","296","KI","KIR","",""
"118","Koweït","414","KW","KWT","",""
"122","Lesotho","426","LS","LSO","",""
"119","Lettonie","428","LV","LVA","1992",""
"121","Liban","422","LB","LBN","",""
"123","Libéria","430","LR","LBR","",""
"124","Libye","434","LY","LBY","",""
"125","Liechtenstein","438","LI","LIE","",""
"126","Lituanie","440","LT","LTU","1992",""
"256","Luxembourg","442","LU","LUX","2000",""
"154","Macédoine du Nord","807","MK","MKD","1992",""
"129","Madagascar","450","MG","MDG","",""
"131","Malaisie","458","MY","MYS","",""
"130","Malawi","454","MW","MWI","",""
"132","Maldives","462","MV","MDV","",""
"133","Mali","466","ML","MLI","",""
"134","Malte","470","MT","MLT","",""
"143","Maroc","504","MA","MAR","",""
"135","Martinique","474","MQ","MTQ","",""
"137","Maurice","480","MU","MUS","",""
"136","Mauritanie","478","MR","MRT","",""
"270","Mayotte","175","YT","MYT","",""
"5502","Mélanésie","054","F5502","F5502","",""
"55020","Mélanésie (exc commerce intracom)","540.03","F55020","F55020","",""
"138","Mexique","484","MX","MEX","",""
"5503","Micronésie","057","F5503","F5503","",""
"145","Micronésie (États fédérés de)","583","FM","FSM","1991",""
"55030","Micronésie (exc commerce intracom)","057.03","F55030","F55030","",""
"140","Monaco","492","MC","MCO","",""
"5000","Monde","001","F5000","X01","",""
"141","Mongolie","496","MN","MNG","",""
"273","Monténégro","499","ME","MNE","2006",""
"142","Montserrat","500","MS","MSR","",""
"144","Mozambique","508","MZ","MOZ","",""
"28","Myanmar","104","MM","MMR","",""
"147","Namibie","516","NA","NAM","",""
"148","Nauru","520","NR","NRU","",""
"149","Népal","524","NP","NPL","",""
"157","Nicaragua","558","NI","NIC","",""
"158","Niger","562","NE","NER","",""
"159","Nigéria","566","NG","NGA","",""
"160","Nioué","570","NU","NIU","",""
"162","Norvège","578","NO","NOR","",""
"153","Nouvelle-Calédonie","540","NC","NCL","",""
"156","Nouvelle-Zélande","554","NZ","NZL","",""
"5500","Océanie","009","F5500","F5500","",""
"55000","Océanie (exc commerce intracom)","009.03","F55000","F55000","",""
"5807","Océanie, hors Australie et Nouvelle-Zélande","543","F5807","F5807","",""
"5873","OECD","198","F5873","F5873","",""
"221","Oman","512","OM","OMN","",""
"226","Ouganda","800","UG","UGA","",""
"235","Ouzbékistan","860","UZ","UZB","1992",""
"165","Pakistan","586","PK","PAK","",""
"180","Palaos","585","PW","PLW","1991",""
"299","Palestine","275","PS","PSE","",""
"166","Panama","591","PA","PAN","",""
"168","Papouasie-Nouvelle-Guinée","598","PG","PNG","",""
"169","Paraguay","600","PY","PRY","",""
"5858","Pays à faible revenu","904","F5858","F5858","",""
"5815","Pays à faible revenu et à déficit vivrier","901","F5815","F5815","",""
"58150","Pays à faible revenu et à déficit vivrier (exc commerce intracom)","901.03","F58150","F58150","",""
"5859","Pays à revenu moyen","905","F5859","F5859","",""
"5848","Pays Annexe I","907","F5848","F5848","",""
"5817","Pays en développement importateurs nets de produits alimentaires","902","F5817","F5817","",""
"58170","Pays en développement importateurs nets de produits alimentaires (exc commerce intracom)","902.03","F58170","F58170","",""
"5802","Pays en développement sans littoral","432","F5802","F5802","",""
"58020","Pays en développement sans littoral (exc commerce intracom)","432.03","F58020","F58020","",""
"5801","Pays les moins avancés","199","F5801","F5801","",""
"58010","Pays les moins avancés (exc commerce intracom)","199.03","F58010","F58010","",""
"5849","Pays Non-Annexe I","908","F5849","F5849","",""
"150","Pays-Bas (Royaume des)","528","NL","NLD","",""
"170","Pérou","604","PE","PER","",""
"5803","Petits États insulaires en développement","722","F5803","F5803","",""
"58030","Petits États insulaires en développement (exc commerce intracom)","722.03","F58030","F58030","",""
"171","Philippines","608","PH","PHL","",""
"172","Pitcairn","612","PN","PCN","",""
"173","Pologne","616","PL","POL","",""
"5504","Polynésie","061","F5504","F5504","",""
"55040","Polynésie (exc commerce intracom)","061.03","F55040","F55040","",""
"70","Polynésie française","258","PF","PYF","",""
"177","Porto Rico","630","PR","PRI","",""
"174","Portugal","620","PT","PRT","",""
"179","Qatar","634","QA","QAT","",""
"5600","Région Antarctique","912","F5600","F5600","",""
"5822","Regional Centres (FAO) (2.5.1.a)","919","F5822","F5822","",""
"212","République arabe syrienne","760","SY","SYR","",""
"37","République centrafricaine","140","CF","CAF","",""
"117","République de Corée","410","KR","KOR","",""
"146","République de Moldova","498","MD","MDA","1992",""
"250","République démocratique du Congo","180","CD","COD","",""
"120","République démocratique populaire lao","418","LA","LAO","",""
"56","République dominicaine","214","DO","DOM","",""
"116","République populaire démocratique de Corée","408","KP","PRK","",""
"215","République-Unie de Tanzanie","834","TZ","TZA","",""
"182","Réunion","638","RE","REU","",""
"248","RFS de Yougoslavie","890","F248","F248","","1991"
"183","Roumanie","642","RO","ROU","",""
"229","Royaume-Uni de Grande-Bretagne et d'Irlande du Nord","826","GB","GBR","",""
"184","Rwanda","646","RW","RWA","",""
"205","Sahara occidental","732","EH","ESH","",""
"282","Saint-Barthélemy","652","BL","BLM","2011",""
"189","Sainte-Lucie","662","LC","LCA","",""
"188","Saint-Kitts-et-Nevis","659","KN","KNA","",""
"192","Saint-Marin","674","SM","SMR","",""
"281","Saint-Martin (partie française)","663","MF","MAF","2011",""
"190","Saint-Pierre-et-Miquelon","666","PM","SPM","",""
"94","Saint-Siège","336","VA","VAT","",""
"191","Saint-Vincent-et-les Grenadines","670","VC","VCT","",""
"244","Samoa","882","WS","WSM","",""
"5","Samoa américaines","016","AS","ASM","",""
"193","Sao Tomé-et-Principe","678","ST","STP","",""
"195","Sénégal","686","SN","SEN","",""
"272","Serbie","688","RS","SRB","2006",""
"186","Serbie-et-Monténégro","891","CS","SCG","1992","2005"
"285","Sercq","680","F285","F285","",""
"196","Seychelles","690","SC","SYC","",""
"197","Sierra Leone","694","SL","SLE","",""
"200","Singapour","702","SG","SGP","",""
"280","Sint Maarten (partie néerlandaise)","534","SX","SXM","2011",""
"199","Slovaquie","703","SK","SVK","1993",""
"198","Slovénie","705","SI","SVN","1992",""
"201","Somalie","706","SO","SOM","",""
"276","Soudan","729","SD","SDN","2012",""
"206","Soudan (ex)","736","F206","F206","","2011"
"277","Soudan du Sud","728","SS","SSD","2012",""
"38","Sri Lanka","144","LK","LKA","",""
"210","Suède","752","SE","SWE","",""
"211","Suisse","756","CH","CHE","",""
"207","Suriname","740","SR","SUR","",""
"208","Tadjikistan","762","TJ","TJK","1992",""
"39","Tchad","148","TD","TCD","",""
"51","Tchécoslovaq","200","F51","F51","","1992"
"167","Tchéquie","203","CZ","CZE","1993",""
"71","Terres australes françaises","260","TF","ATF","",""
"164","Territoire des Îles du Pacifique","582","F164","F164","","1990"
"216","Thaïlande","764","TH","THA","",""
"176","Timor-Leste","626","TL","TLS","",""
"217","Togo","768","TG","TGO","",""
"218","Tokélaou","772","TK","TKL","",""
"219","Tonga","776","TO","TON","",""
"220","Trinité-et-Tobago","780","TT","TTO","",""
"222","Tunisie","788","TN","TUN","",""
"223","Türkiye","792","TR","TUR","",""
"213","Turkménistan","795","TM","TKM","1992",""
"227","Tuvalu","798","TV","TUV","",""
"230","Ukraine","804","UA","UKR","1992",""
"261","Union européenne (12) (exc commerce intracom)","097.1203","F261","F261","1994","1994"
"266","Union européenne (15) (exc commerce intracom)","097.1503","F266","F266","1995","2003"
"268","Union européenne (25) (exc commerce intracom)","097.2503","F268","F268","2004","2006"
"5707","Union européenne (27)","097","F5707","F5707","",""
"57070","Union européenne (27) (exc commerce intracom)","097.03","F57070","F57070","2020",""
"269","Union européenne (27) (exc Croatie) (exc commerce intracom)","097.2703","F269","F269","2007","2012"
"57060","Union européenne (28) (exc commerce intracom)","097.2803","F57060","F57060","2013","2019"
"9011","Upper-middle-income economies","906","F9011","F9011","",""
"228","URSS","810","F228","F228","","1991"
"234","Uruguay","858","UY","URY","",""
"155","Vanuatu","548","VU","VUT","",""
"236","Venezuela (République bolivarienne du)","862","VE","VEN","",""
"237","Viet Nam","704","VN","VNM","",""
"5828","Western Asia (exc. Armenia, Azerbaijan, Cyprus, Israel and Georgia)","485","F5828","F5828","",""
"249","Yémen","887","YE","YEM","",""
"247","Yemen Dém","720","F247","F247","","1989"
"246","Yémen Rép A","886","F246","F246","","1989"
"251","Zambie","894","ZM","ZMB","",""
"181","Zimbabwe","716","ZW","ZWE","",""
